date,Close
7/21/2014,81.93
7/18/2014,83.35
7/17/2014,83.63
7/16/2014,84.91
7/15/2014,83.58
7/14/2014,84.4
7/11/2014,83.35
7/10/2014,83.42
7/9/2014,85.5
7/8/2014,84.69
7/7/2014,86.07
7/4/2014,87.05
7/3/2014,87.14
7/2/2014,85.84
7/1/2014,85.36
6/30/2014,85.03
6/27/2014,84.64
6/26/2014,85.0
6/25/2014,86.02
6/24/2014,86.52
6/23/2014,86.78
6/20/2014,87.36
6/19/2014,87.03
6/18/2014,86.02
6/17/2014,86.11
6/16/2014,85.17
6/13/2014,85.5
6/12/2014,86.2
6/11/2014,85.71
6/10/2014,85.87
6/9/2014,86.1
6/6/2014,85.86
6/5/2014,85.43
6/4/2014,85.09
6/3/2014,84.86
6/2/2014,84.5
5/30/2014,84.47
5/29/2014,84.73
5/28/2014,84.81
5/27/2014,84.44
5/26/2014,83.77
5/23/2014,83.08
5/22/2014,83.0
5/21/2014,82.97
5/20/2014,82.43
5/19/2014,82.78
5/16/2014,82.33
5/15/2014,83.17
5/14/2014,83.69
5/13/2014,83.49
5/12/2014,83.5
5/9/2014,82.43
5/8/2014,82.39
5/7/2014,81.24
5/6/2014,80.21
5/5/2014,81.28
5/2/2014,84.01
5/1/2014,83.43
4/30/2014,83.43
4/29/2014,82.81
4/28/2014,81.44
4/25/2014,81.2
4/24/2014,82.07
4/23/2014,81.47
4/22/2014,81.61
4/21/2014,79.36
4/18/2014,79.36
4/17/2014,79.36
4/16/2014,78.07
4/15/2014,76.98
4/14/2014,78.21
4/11/2014,77.62
4/10/2014,79.31
4/9/2014,78.84
4/8/2014,79.25
4/7/2014,78.89
4/4/2014,80.77
4/3/2014,80.03
4/2/2014,80.37
4/1/2014,80.72
3/31/2014,80.68
3/28/2014,80.41
3/27/2014,79.2
3/26/2014,78.79
3/25/2014,77.85
3/24/2014,76.5
3/21/2014,78.0
3/20/2014,77.49
3/19/2014,78.19
3/18/2014,77.83
3/17/2014,77.82
3/14/2014,76.92
3/13/2014,75.86
3/12/2014,78.2
3/11/2014,79.73
3/10/2014,79.34
3/7/2014,79.69
3/6/2014,81.15
3/5/2014,81.17
3/4/2014,82.19
3/3/2014,79.97
2/28/2014,83.42
2/27/2014,82.0
2/26/2014,83.81
2/25/2014,83.08
2/24/2014,83.26
2/21/2014,82.17
2/20/2014,82.24
2/19/2014,82.75
2/18/2014,82.63
2/17/2014,82.2
2/14/2014,82.51
2/13/2014,81.26
2/12/2014,80.57
2/11/2014,80.04
2/10/2014,78.32
2/7/2014,78.82
2/6/2014,78.17
2/5/2014,76.65
2/4/2014,76.59
2/3/2014,77.99
1/31/2014,79.53
1/30/2014,79.73
1/29/2014,79.0
1/28/2014,79.13
1/27/2014,77.61
1/24/2014,77.81
1/23/2014,79.74
1/22/2014,80.22
1/21/2014,80.61
1/20/2014,79.86
1/17/2014,79.49
1/16/2014,78.99
1/15/2014,78.18
1/14/2014,77.57
1/13/2014,77.49
1/10/2014,77.4
1/9/2014,76.72
1/8/2014,78.0
1/7/2014,78.52
1/6/2014,76.42
1/3/2014,76.57
1/2/2014,76.38
1/1/2014,77.49
12/31/2013,77.49
12/30/2013,77.49
12/27/2013,77.95
12/26/2013,76.9
12/25/2013,76.9
12/24/2013,76.9
12/23/2013,76.9
12/20/2013,76.01
12/19/2013,75.25
12/18/2013,74.51
12/17/2013,74.25
12/16/2013,75.17
12/13/2013,73.65
12/12/2013,73.94
12/11/2013,74.36
12/10/2013,75.09
12/9/2013,75.62
12/6/2013,75.64
12/5/2013,74.96
12/4/2013,75.72
12/3/2013,77.26
12/2/2013,78.97
11/29/2013,78.6
11/28/2013,78.18
11/27/2013,78.0
11/26/2013,77.51
11/25/2013,77.69
11/22/2013,76.64
11/21/2013,76.75
11/20/2013,77.2
11/19/2013,77.53
11/18/2013,77.96
11/15/2013,78.0
11/14/2013,77.82
11/13/2013,76.26
11/12/2013,76.09
11/11/2013,75.87
11/8/2013,75.68
11/7/2013,76.17
11/6/2013,75.85
11/5/2013,75.83
11/4/2013,76.1
11/1/2013,76.58
10/31/2013,76.63
10/30/2013,75.83
10/29/2013,76.04
10/28/2013,75.69
10/25/2013,75.17
10/24/2013,74.19
10/23/2013,74.05
10/22/2013,73.97
10/21/2013,73.48
10/18/2013,73.51
10/17/2013,72.95
10/16/2013,73.11
10/15/2013,72.17
10/14/2013,71.45
10/11/2013,71.69
10/10/2013,71.57
10/9/2013,69.9
10/8/2013,70.05
10/7/2013,70.37
10/4/2013,70.76
10/3/2013,70.95
10/2/2013,71.54
10/1/2013,71.63
9/30/2013,70.9
9/27/2013,71.53
9/26/2013,72.09
9/25/2013,72.19
9/24/2013,72.35
9/23/2013,72.3
9/20/2013,71.99
9/19/2013,72.25
9/18/2013,72.16
9/17/2013,72.08
9/16/2013,72.34
9/13/2013,69.79
9/12/2013,69.82
9/11/2013,69.62
9/10/2013,69.39
9/9/2013,67.26
9/6/2013,66.85
9/5/2013,67.11
9/4/2013,67.87
9/3/2013,67.23
9/2/2013,67.6
8/30/2013,66.13
8/29/2013,66.75
8/28/2013,66.84
8/27/2013,68.1
8/26/2013,69.24
8/23/2013,69.03
8/22/2013,68.31
8/21/2013,67.04
8/20/2013,67.62
8/19/2013,67.98
8/16/2013,68.01
8/15/2013,67.79
8/14/2013,67.9
8/13/2013,67.93
8/12/2013,66.11
8/9/2013,64.79
8/8/2013,65.2
8/7/2013,65.02
8/6/2013,65.81
8/5/2013,66.66
8/2/2013,67.88
8/1/2013,67.59
7/31/2013,66.66
7/30/2013,67.44
7/29/2013,66.52
7/26/2013,65.87
7/25/2013,66.74
7/24/2013,69.86
7/23/2013,69.8
7/22/2013,70.17
7/19/2013,70.0
7/18/2013,70.68
7/17/2013,70.83
7/16/2013,70.09
7/15/2013,70.8
7/12/2013,70.46
7/11/2013,71.2
7/10/2013,69.95
7/9/2013,69.72
7/8/2013,69.1
7/5/2013,66.96
7/4/2013,69.04
7/3/2013,67.77
7/2/2013,68.25
7/1/2013,68.59
6/28/2013,68.63
6/27/2013,68.33
6/26/2013,69.72
6/25/2013,69.32
6/24/2013,68.42
6/21/2013,69.5
6/20/2013,70.93
6/19/2013,73.9
6/18/2013,74.36
6/17/2013,73.72
6/14/2013,72.81
6/13/2013,72.34
6/12/2013,72.87
6/11/2013,73.36
6/10/2013,73.9
6/7/2013,72.83
6/6/2013,71.58
6/5/2013,73.12
6/4/2013,75.1
6/3/2013,75.79
5/31/2013,75.23
5/30/2013,74.99
5/29/2013,74.7
5/28/2013,75.3
5/27/2013,74.22
5/24/2013,73.45
5/23/2013,74.26
5/22/2013,75.41
5/21/2013,75.35
5/20/2013,73.94
5/17/2013,74.42
5/16/2013,73.98
5/15/2013,73.58
5/14/2013,74.3
5/13/2013,73.99
5/10/2013,73.81
5/9/2013,74.06
5/8/2013,73.63
5/7/2013,73.76
5/6/2013,73.0
5/3/2013,73.34
5/2/2013,71.8
5/1/2013,70.92
4/30/2013,70.92
4/29/2013,70.73
4/26/2013,72.59
4/25/2013,70.0
4/24/2013,68.35
4/23/2013,67.66
4/22/2013,66.04
4/19/2013,65.63
4/18/2013,65.63
4/17/2013,65.55
4/16/2013,68.12
4/15/2013,68.63
4/12/2013,68.4
4/11/2013,69.31
4/10/2013,68.5
4/9/2013,66.91
4/8/2013,66.7
4/5/2013,66.87
4/4/2013,69.0
4/3/2013,69.3
4/2/2013,69.52
4/1/2013,68.32
3/29/2013,68.32
3/28/2013,68.32
3/27/2013,67.98
3/26/2013,69.62
3/25/2013,69.57
3/22/2013,70.8
3/21/2013,71.3
3/20/2013,73.54
3/19/2013,73.35
3/18/2013,74.32
3/15/2013,75.09
3/14/2013,75.32
3/13/2013,74.02
3/12/2013,73.36
3/11/2013,73.48
3/8/2013,73.28
3/7/2013,73.4
3/6/2013,73.48
3/5/2013,73.05
3/4/2013,71.57
3/1/2013,71.83
2/28/2013,72.18
2/27/2013,72.09
2/26/2013,71.66
2/25/2013,75.01
2/22/2013,74.32
2/21/2013,72.8
2/20/2013,74.12
2/19/2013,73.79
2/18/2013,71.45
2/15/2013,70.75
2/14/2013,71.32
2/13/2013,72.53
2/12/2013,71.51
2/11/2013,71.85
2/8/2013,72.08
2/7/2013,71.94
2/6/2013,72.09
2/5/2013,73.46
2/4/2013,73.14
2/1/2013,75.85
1/31/2013,74.66
1/30/2013,75.1
1/29/2013,75.81
1/28/2013,75.58
1/25/2013,75.6
1/24/2013,73.79
1/23/2013,72.86
1/22/2013,73.11
1/21/2013,73.81
1/18/2013,73.17
1/17/2013,73.2
1/16/2013,72.35
1/15/2013,71.86
1/14/2013,71.76
1/11/2013,71.0
1/10/2013,70.92
1/9/2013,71.41
1/8/2013,71.14
1/7/2013,71.64
1/4/2013,72.47
1/3/2013,72.35
1/2/2013,73.18
1/1/2013,71.15
12/31/2012,71.15
12/28/2012,71.15
12/27/2012,71.8
12/26/2012,71.17
12/25/2012,71.17
12/24/2012,71.17
12/21/2012,71.17
12/20/2012,72.3
12/19/2012,73.09
12/18/2012,72.77
12/17/2012,72.14
12/14/2012,72.04
12/13/2012,71.81
12/12/2012,71.55
12/11/2012,71.3
12/10/2012,70.61
12/7/2012,70.01
12/6/2012,70.33
12/5/2012,69.3
12/4/2012,68.95
12/3/2012,69.47
11/30/2012,68.9
11/29/2012,68.76
11/28/2012,68.11
11/27/2012,67.9
11/26/2012,67.39
11/23/2012,67.54
11/22/2012,66.58
11/21/2012,65.78
11/20/2012,65.8
11/19/2012,64.35
11/16/2012,62.5
11/15/2012,63.2
11/14/2012,63.63
11/13/2012,64.09
11/12/2012,63.06
11/9/2012,63.17
11/8/2012,63.42
11/7/2012,63.47
11/6/2012,64.87
11/5/2012,64.36
11/2/2012,65.09
11/1/2012,64.7
10/31/2012,63.93
10/30/2012,64.1
10/29/2012,63.57
10/26/2012,63.68
10/25/2012,63.18
10/24/2012,62.66
10/23/2012,62.5
10/22/2012,65.15
10/19/2012,65.87
10/18/2012,66.17
10/17/2012,65.5
10/16/2012,65.58
10/15/2012,64.9
10/12/2012,64.38
10/11/2012,64.95
10/10/2012,64.08
10/9/2012,64.38
10/8/2012,65.47
10/5/2012,66.74
10/4/2012,65.6
10/3/2012,66.84
10/2/2012,66.61
10/1/2012,67.46
9/28/2012,65.65
9/27/2012,66.55
9/26/2012,66.72
9/25/2012,67.9
9/24/2012,67.48
9/21/2012,67.9
9/20/2012,67.44
9/19/2012,66.95
9/18/2012,66.78
9/17/2012,66.65
9/14/2012,66.63
9/13/2012,65.0
9/12/2012,65.66
9/11/2012,65.72
9/10/2012,64.13
9/7/2012,64.2
9/6/2012,63.77
9/5/2012,61.43
9/4/2012,61.51
9/3/2012,62.44
8/31/2012,61.81
8/30/2012,61.22
8/29/2012,62.52
8/28/2012,62.45
8/27/2012,62.82
8/24/2012,62.13
8/23/2012,61.68
8/22/2012,62.32
8/21/2012,63.04
8/20/2012,62.3
8/17/2012,62.05
8/16/2012,61.52
8/15/2012,61.21
8/14/2012,61.26
8/13/2012,60.51
8/10/2012,60.93
8/9/2012,60.99
8/8/2012,60.94
8/7/2012,61.21
8/6/2012,60.38
8/3/2012,59.71
8/2/2012,57.75
8/1/2012,59.08
7/31/2012,59.48
7/30/2012,60.24
7/27/2012,58.94
7/26/2012,57.76
7/25/2012,56.16
7/24/2012,55.99
7/23/2012,56.24
7/20/2012,58.01
7/19/2012,58.61
7/18/2012,57.46
7/17/2012,56.91
7/16/2012,56.25
7/13/2012,55.96
7/12/2012,54.66
7/11/2012,54.97
7/10/2012,55.38
7/9/2012,55.46
7/6/2012,56.1
7/5/2012,56.89
7/4/2012,57.1
7/3/2012,56.5
7/2/2012,55.25
6/29/2012,54.7
6/28/2012,51.89
6/27/2012,53.09
6/26/2012,53.05
6/25/2012,52.74
6/22/2012,54.09
6/21/2012,56.35
6/20/2012,56.87
6/19/2012,57.19
6/18/2012,56.1
6/15/2012,55.91
6/14/2012,55.1
6/13/2012,55.79
6/12/2012,55.83
6/11/2012,55.83
6/8/2012,55.47
6/7/2012,55.75
6/6/2012,54.66
6/5/2012,53.45
6/4/2012,53.48
6/1/2012,54.06
5/31/2012,56.38
5/30/2012,56.79
5/29/2012,57.95
5/28/2012,57.01
5/25/2012,57.05
5/24/2012,57.08
5/23/2012,56.78
5/22/2012,58.32
5/21/2012,57.47
5/18/2012,56.94
5/17/2012,56.82
5/16/2012,57.34
5/15/2012,57.29
5/14/2012,57.69
5/11/2012,58.76
5/10/2012,58.21
5/9/2012,57.57
5/8/2012,57.46
5/7/2012,58.98
5/4/2012,59.49
5/3/2012,60.92
5/2/2012,61.31
5/1/2012,62.19
4/30/2012,62.19
4/27/2012,65.25
4/26/2012,65.0
4/25/2012,65.19
4/24/2012,63.93
4/23/2012,63.67
4/20/2012,66.2
4/19/2012,65.01
4/18/2012,64.72
4/17/2012,65.57
4/16/2012,62.86
4/13/2012,61.63
4/12/2012,63.55
4/11/2012,62.69
4/10/2012,62.01
4/9/2012,63.48
4/6/2012,63.48
4/5/2012,63.48
4/4/2012,63.55
4/3/2012,65.69
4/2/2012,66.61
3/30/2012,65.59
3/29/2012,64.96
3/28/2012,65.98
3/27/2012,67.2
3/26/2012,67.07
3/23/2012,65.85
3/22/2012,65.92
3/21/2012,67.25
3/20/2012,67.23
3/19/2012,67.42
3/16/2012,67.98
3/15/2012,67.44
3/14/2012,66.69
3/13/2012,66.62
3/12/2012,65.52
3/9/2012,65.22
3/8/2012,64.88
3/7/2012,63.01
3/6/2012,62.42
3/5/2012,65.65
3/2/2012,66.64
3/1/2012,67.24
2/29/2012,65.9
2/28/2012,66.52
2/27/2012,65.81
2/24/2012,64.7
2/23/2012,64.58
2/22/2012,64.15
2/21/2012,65.0
2/20/2012,64.66
2/17/2012,62.98
2/16/2012,62.0
2/15/2012,61.98
2/14/2012,61.23
2/13/2012,60.73
2/10/2012,60.38
2/9/2012,61.42
2/8/2012,60.56
2/7/2012,60.87
2/6/2012,61.35
2/3/2012,61.32
2/2/2012,60.48
2/1/2012,59.89
1/31/2012,58.78
1/30/2012,59.81
1/27/2012,60.48
1/26/2012,60.0
1/25/2012,59.25
1/24/2012,58.72
1/23/2012,58.95
1/20/2012,58.39
1/19/2012,59.01
1/18/2012,59.03
1/17/2012,58.79
1/16/2012,57.92
1/13/2012,57.62
1/12/2012,58.2
1/11/2012,57.5
1/10/2012,57.49
1/9/2012,55.67
1/6/2012,55.92
1/5/2012,56.75
1/4/2012,56.16
1/3/2012,56.35
1/2/2012,55.14
12/30/2011,53.89
12/29/2011,53.17
12/28/2011,52.39
12/27/2011,53.17
12/26/2011,52.83
12/23/2011,52.83
12/22/2011,52.63
12/21/2011,52.4
12/20/2011,52.9
12/19/2011,51.15
12/16/2011,51.71
12/15/2011,51.13
12/14/2011,50.58
12/13/2011,51.1
12/12/2011,51.61
12/9/2011,53.9
12/8/2011,53.14
12/7/2011,53.88
12/6/2011,54.11
12/5/2011,54.56
12/2/2011,53.98
12/1/2011,53.06
11/30/2011,54.04
11/29/2011,50.56
11/28/2011,49.53
11/25/2011,47.24
11/24/2011,46.44
11/23/2011,47.08
11/22/2011,47.37
11/21/2011,48.15
11/18/2011,49.72
11/17/2011,50.26
11/16/2011,50.58
11/15/2011,50.89
11/14/2011,51.19
11/11/2011,51.6
11/10/2011,50.2
11/9/2011,49.97
11/8/2011,50.79
11/7/2011,50.41
11/4/2011,51.32
11/3/2011,53.33
11/2/2011,51.5
11/1/2011,50.85
10/31/2011,53.19
10/28/2011,54.99
10/27/2011,54.37
10/26/2011,50.6
10/25/2011,51.85
10/24/2011,51.63
10/21/2011,50.79
10/20/2011,49.1
10/19/2011,50.1
10/18/2011,50.87
10/17/2011,50.5
10/14/2011,51.31
10/13/2011,50.55
10/12/2011,51.04
10/11/2011,50.3
10/10/2011,51.06
10/7/2011,49.49
10/6/2011,49.01
10/5/2011,46.81
10/4/2011,44.0
10/3/2011,45.05
9/30/2011,46.08
9/29/2011,47.24
9/28/2011,46.51
9/27/2011,47.01
9/26/2011,45.4
9/23/2011,44.27
9/22/2011,44.35
9/21/2011,46.42
9/20/2011,47.83
9/19/2011,46.47
9/16/2011,47.43
9/15/2011,47.81
9/14/2011,46.38
9/13/2011,44.67
9/12/2011,43.66
9/9/2011,44.2
9/8/2011,46.62
9/7/2011,46.25
9/6/2011,44.4
9/5/2011,44.46
9/2/2011,47.06
9/1/2011,48.83
8/31/2011,49.67
8/30/2011,48.03
8/29/2011,48.36
8/26/2011,47.62
8/25/2011,48.25
8/24/2011,49.9
8/23/2011,48.28
8/22/2011,47.84
8/19/2011,48.6
8/18/2011,50.52
8/17/2011,53.5
8/16/2011,53.98
8/15/2011,54.32
8/12/2011,54.15
8/11/2011,52.23
8/10/2011,49.53
8/9/2011,52.11
8/8/2011,50.99
8/5/2011,53.99
8/4/2011,56.63
8/3/2011,58.51
8/2/2011,60.15
8/1/2011,61.21
7/29/2011,63.22
7/28/2011,63.09
7/27/2011,65.86
7/26/2011,66.75
7/25/2011,67.34
7/22/2011,66.57
7/21/2011,66.76
7/20/2011,66.2
7/19/2011,67.0
7/18/2011,67.43
7/15/2011,67.91
7/14/2011,68.5
7/13/2011,68.23
7/12/2011,67.0
7/11/2011,66.95
7/8/2011,68.37
7/7/2011,68.75
7/6/2011,68.45
7/5/2011,67.8
7/4/2011,67.7
7/1/2011,67.84
6/30/2011,67.57
6/29/2011,66.31
6/28/2011,64.72
6/27/2011,63.68
6/24/2011,64.29
6/23/2011,64.44
6/22/2011,65.27
6/21/2011,65.2
6/20/2011,62.8
6/17/2011,63.29
6/16/2011,62.85
6/15/2011,63.1
6/14/2011,64.53
6/13/2011,63.19
6/10/2011,63.15
6/9/2011,64.0
6/8/2011,62.24
6/7/2011,62.6
6/6/2011,62.86
6/3/2011,62.42
6/2/2011,61.46
6/1/2011,63.41
5/31/2011,64.26
5/30/2011,61.92
5/27/2011,61.3
5/26/2011,60.83
5/25/2011,61.17
5/24/2011,61.69
5/23/2011,61.23
5/20/2011,62.66
5/19/2011,63.58
5/18/2011,63.08
5/17/2011,62.4
5/16/2011,64.39
5/13/2011,64.06
5/12/2011,64.14
5/11/2011,64.87
5/10/2011,66.3
5/9/2011,65.64
5/6/2011,68.41
5/5/2011,66.0
5/4/2011,66.59
5/3/2011,68.62
5/2/2011,68.62
4/29/2011,69.4
4/28/2011,68.56
4/27/2011,67.83
4/26/2011,66.6
4/21/2011,65.86
4/20/2011,65.3
4/19/2011,62.33
4/18/2011,62.26
4/15/2011,64.05
4/14/2011,62.97
4/13/2011,63.05
4/12/2011,62.59
4/11/2011,64.41
4/8/2011,63.83
4/7/2011,63.11
4/6/2011,63.43
4/5/2011,62.28
4/4/2011,61.95
4/1/2011,61.89
3/31/2011,61.03
3/30/2011,60.46
3/29/2011,59.27
3/28/2011,59.09
3/25/2011,59.03
3/24/2011,58.37
3/23/2011,56.47
3/22/2011,56.46
3/21/2011,56.93
3/18/2011,56.25
3/17/2011,55.31
3/16/2011,53.96
3/15/2011,55.46
3/14/2011,57.78
3/11/2011,58.39
3/10/2011,58.73
3/9/2011,59.39
3/8/2011,59.96
3/7/2011,61.26
3/4/2011,60.6
3/3/2011,60.96
3/2/2011,60.33
3/1/2011,59.82
2/28/2011,60.26
2/25/2011,59.18
2/24/2011,59.0
2/23/2011,58.75
2/22/2011,59.49
2/21/2011,59.9
2/18/2011,61.54
2/17/2011,60.97
2/16/2011,60.3
2/15/2011,60.56
2/14/2011,59.49
2/11/2011,58.04
2/10/2011,58.53
2/9/2011,57.82
2/8/2011,57.69
2/7/2011,58.45
2/4/2011,57.35
2/3/2011,57.77
2/2/2011,58.04
2/1/2011,58.0
1/31/2011,56.18
1/28/2011,56.29
1/27/2011,57.41
1/26/2011,57.22
1/25/2011,56.12
1/24/2011,55.93
1/21/2011,56.64
1/20/2011,55.65
1/19/2011,55.95
1/18/2011,57.41
1/17/2011,57.15
1/14/2011,57.57
1/13/2011,58.42
1/12/2011,58.57
1/11/2011,57.07
1/10/2011,56.78
1/7/2011,57.1
1/6/2011,57.94
1/5/2011,57.89
1/4/2011,58.8
1/3/2011,60.42
12/30/2010,59.7
12/29/2010,61.35
12/28/2010,60.6
12/27/2010,60.66
12/23/2010,61.42
12/22/2010,61.61
12/21/2010,61.71
12/20/2010,61.05
12/17/2010,60.83
12/16/2010,61.73
12/15/2010,61.51
12/14/2010,60.95
12/13/2010,60.69
12/10/2010,60.5
12/9/2010,60.39
12/8/2010,60.98
12/7/2010,61.15
12/6/2010,60.02
12/3/2010,59.19
12/2/2010,59.95
12/1/2010,59.26
11/30/2010,57.5
11/29/2010,56.29
11/26/2010,58.36
11/25/2010,59.18
11/24/2010,58.67
11/23/2010,56.68
11/22/2010,57.82
11/19/2010,57.4
11/18/2010,57.26
11/17/2010,55.49
11/16/2010,54.98
11/15/2010,57.18
11/12/2010,56.12
11/11/2010,56.63
11/10/2010,56.09
11/9/2010,57.41
11/8/2010,56.75
11/5/2010,57.17
11/4/2010,56.15
11/3/2010,54.09
11/2/2010,54.23
11/1/2010,52.57
10/29/2010,52.28
10/28/2010,52.37
10/27/2010,52.22
10/26/2010,52.69
10/25/2010,53.11
10/22/2010,52.77
10/21/2010,52.8
10/20/2010,51.93
10/19/2010,50.64
10/18/2010,51.03
10/15/2010,50.97
10/13/2010,49.71
10/12/2010,48.48
10/11/2010,48.6
10/8/2010,48.73
10/7/2010,47.77
10/6/2010,48.51
10/5/2010,47.24
10/4/2010,46.46
10/1/2010,46.87
9/30/2010,46.26
9/29/2010,46.46
9/28/2010,46.87
9/27/2010,46.6
9/24/2010,46.92
9/23/2010,45.62
9/22/2010,45.58
9/21/2010,45.28
9/20/2010,45.46
9/17/2010,44.77
9/16/2010,45.2
9/15/2010,45.02
9/14/2010,45.17
9/13/2010,44.69
9/10/2010,43.69
9/9/2010,43.51
9/8/2010,43.09
9/7/2010,43.0
9/6/2010,43.38
9/3/2010,43.34
9/2/2010,43.03
9/1/2010,43.0
8/31/2010,41.63
8/30/2010,41.62
8/27/2010,42.03
8/26/2010,41.94
8/25/2010,41.35
8/24/2010,41.9
8/23/2010,42.74
8/20/2010,42.55
8/19/2010,43.47
8/18/2010,44.47
8/17/2010,44.7
8/16/2010,43.66
8/13/2010,43.8
8/12/2010,44.56
8/11/2010,44.31
8/10/2010,45.35
8/9/2010,45.76
8/6/2010,44.74
8/5/2010,45.56
8/4/2010,46.45
8/3/2010,45.9
8/2/2010,46.31
7/30/2010,44.81
7/29/2010,44.38
7/28/2010,45.33
7/27/2010,46.11
7/26/2010,46.74
7/23/2010,46.71
7/22/2010,45.99
7/21/2010,44.44
7/20/2010,44.2
7/19/2010,44.49
7/16/2010,44.96
7/15/2010,45.87
7/14/2010,46.36
7/13/2010,46.5
7/12/2010,46.03
7/9/2010,45.74
7/8/2010,45.01
7/7/2010,44.5
7/6/2010,44.58
7/5/2010,43.35
7/2/2010,43.84
7/1/2010,43.9
6/30/2010,45.11
6/29/2010,45.29
6/28/2010,47.54
6/25/2010,46.16
6/24/2010,46.26
6/23/2010,46.83
6/22/2010,46.74
6/21/2010,46.9
6/18/2010,46.22
6/17/2010,46.56
6/16/2010,46.46
6/15/2010,45.9
6/14/2010,45.75
6/11/2010,44.89
6/10/2010,44.79
6/9/2010,44.2
6/8/2010,43.1
6/7/2010,42.81
6/4/2010,42.74
6/3/2010,43.54
6/2/2010,42.81
6/1/2010,43.03
5/31/2010,43.06
5/28/2010,42.85
5/27/2010,43.31
5/26/2010,41.56
5/25/2010,40.71
5/24/2010,41.88
5/21/2010,42.0
5/20/2010,42.37
5/19/2010,43.79
5/18/2010,45.5
5/17/2010,44.68
5/14/2010,44.38
5/13/2010,45.67
5/12/2010,45.0
5/11/2010,43.56
5/10/2010,43.74
5/7/2010,41.0
5/6/2010,42.55
5/5/2010,42.49
5/4/2010,43.06
5/3/2010,44.6
4/30/2010,43.98
4/29/2010,45.92
4/28/2010,46.4
4/27/2010,47.1
4/26/2010,48.54
4/23/2010,47.75
4/22/2010,46.17
4/21/2010,46.42
4/20/2010,46.1
4/19/2010,45.65
4/16/2010,45.95
4/15/2010,46.53
4/14/2010,46.69
4/13/2010,46.64
4/12/2010,46.92
4/9/2010,46.97
4/8/2010,46.25
4/7/2010,46.62
4/6/2010,47.06
4/1/2010,47.0
3/31/2010,45.92
3/30/2010,45.72
3/29/2010,45.52
3/26/2010,45.25
3/25/2010,45.34
3/24/2010,44.87
3/23/2010,44.94
3/22/2010,44.71
3/19/2010,44.3
3/18/2010,44.76
3/17/2010,44.55
3/16/2010,44.15
3/15/2010,43.72
3/12/2010,44.26
3/11/2010,44.24
3/10/2010,44.03
3/9/2010,43.28
3/8/2010,43.23
3/5/2010,43.1
3/4/2010,41.75
3/3/2010,42.28
3/2/2010,42.14
3/1/2010,42.1
2/26/2010,41.24
2/25/2010,41.12
2/24/2010,40.65
2/23/2010,41.26
2/22/2010,41.8
2/19/2010,42.06
2/18/2010,42.01
2/17/2010,41.55
2/16/2010,40.84
2/15/2010,40.21
2/12/2010,40.2
2/11/2010,40.26
2/10/2010,40.43
2/9/2010,40.01
2/8/2010,40.02
2/5/2010,39.43
2/4/2010,40.26
2/3/2010,42.13
2/2/2010,42.0
2/1/2010,41.73
1/29/2010,41.22
1/28/2010,40.03
1/27/2010,40.35
1/26/2010,39.92
1/25/2010,40.02
1/22/2010,40.47
1/21/2010,40.9
1/20/2010,41.46
1/19/2010,42.86
1/18/2010,42.32
1/15/2010,41.56
1/14/2010,42.46
1/13/2010,42.38
1/12/2010,41.98
1/11/2010,43.53
1/8/2010,44.02
1/7/2010,44.15
1/6/2010,44.45
1/5/2010,44.17
1/4/2010,44.85
12/31/2009,43.46
12/30/2009,43.46
12/29/2009,43.82
12/28/2009,43.95
12/24/2009,43.87
12/23/2009,43.87
12/22/2009,43.5
12/21/2009,43.5
12/18/2009,42.99
12/17/2009,43.18
12/16/2009,43.75
12/15/2009,43.07
12/14/2009,42.97
12/11/2009,43.04
12/10/2009,42.25
12/9/2009,41.63
12/8/2009,41.22
12/7/2009,42.53
12/4/2009,41.89
12/3/2009,41.4
12/2/2009,41.6
12/1/2009,40.97
11/30/2009,40.16
11/27/2009,40.59
11/26/2009,40.25
11/25/2009,41.9
11/24/2009,41.26
11/23/2009,41.48
11/20/2009,39.87
11/19/2009,39.89
11/18/2009,40.29
11/17/2009,40.55
11/16/2009,41.02
11/13/2009,39.76
11/12/2009,39.47
11/11/2009,39.36
11/10/2009,38.72
11/9/2009,38.5
11/6/2009,37.55
11/5/2009,37.87
11/4/2009,36.96
11/3/2009,36.24
11/2/2009,36.44
10/30/2009,36.5
10/29/2009,37.42
10/28/2009,37.0
10/27/2009,38.24
10/26/2009,38.29
10/23/2009,39.16
10/22/2009,39.5
10/21/2009,40.4
10/20/2009,40.02
10/19/2009,40.82
10/16/2009,39.4
10/15/2009,40.11
10/14/2009,40.61
10/13/2009,37.82
10/12/2009,38.35
10/9/2009,37.49
10/8/2009,37.47
10/7/2009,36.24
10/6/2009,36.12
10/5/2009,34.69
10/2/2009,34.15
10/1/2009,34.73
9/30/2009,36.21
9/29/2009,36.07
9/28/2009,36.35
9/25/2009,35.26
9/24/2009,35.75
9/23/2009,36.45
9/22/2009,36.8
9/21/2009,36.41
9/18/2009,36.98
9/17/2009,36.55
9/16/2009,36.57
9/15/2009,35.94
9/14/2009,35.81
9/11/2009,36.18
9/10/2009,35.91
9/9/2009,36.49
9/8/2009,36.47
9/7/2009,35.97
9/4/2009,34.96
9/3/2009,34.58
9/2/2009,35.9
9/1/2009,36.13
8/31/2009,36.39
8/28/2009,36.96
8/27/2009,36.31
8/26/2009,36.86
8/25/2009,38.13
8/24/2009,36.78
8/21/2009,36.2
8/20/2009,35.41
8/19/2009,34.49
8/18/2009,34.46
8/17/2009,33.96
8/14/2009,34.77
8/13/2009,36.01
8/12/2009,34.57
8/11/2009,34.57
8/10/2009,35.27
8/7/2009,35.25
8/6/2009,35.09
8/5/2009,35.63
8/4/2009,35.68
8/3/2009,36.15
7/31/2009,35.16
7/30/2009,34.2
7/29/2009,34.81
7/28/2009,33.83
7/27/2009,33.96
7/24/2009,34.29
7/23/2009,34.4
7/22/2009,33.25
7/21/2009,32.73
7/20/2009,31.99
7/17/2009,31.71
7/16/2009,31.5
7/15/2009,31.06
7/14/2009,29.69
7/13/2009,29.04
7/10/2009,27.66
7/9/2009,27.75
7/8/2009,27.5
7/7/2009,27.55
7/6/2009,27.6
7/3/2009,27.66
7/2/2009,27.61
7/1/2009,29.11
6/30/2009,28.33
6/29/2009,29.12
6/26/2009,28.02
6/25/2009,28.17
6/24/2009,28.88
6/23/2009,28.0
6/22/2009,28.08
6/19/2009,29.03
6/18/2009,28.98
6/17/2009,29.28
6/16/2009,30.44
6/15/2009,30.82
6/12/2009,31.59
6/11/2009,31.45
6/10/2009,31.04
6/9/2009,30.79
6/8/2009,30.9
6/5/2009,31.34
6/4/2009,31.3
6/3/2009,31.78
6/2/2009,31.9
6/1/2009,31.89
5/29/2009,29.75
5/28/2009,29.94
5/27/2009,30.43
5/26/2009,30.48
5/25/2009,29.97
5/22/2009,29.93
5/21/2009,29.69
5/20/2009,30.69
5/19/2009,29.1
5/18/2009,28.73
5/15/2009,27.9
5/14/2009,27.4
5/13/2009,28.13
5/12/2009,29.41
5/11/2009,29.2
5/8/2009,29.52
5/7/2009,28.83
5/6/2009,29.22
5/5/2009,29.0
5/4/2009,29.05
5/1/2009,28.57
4/30/2009,28.57
4/29/2009,26.61
4/28/2009,26.82
4/27/2009,27.31
4/24/2009,27.13
4/23/2009,25.79
4/22/2009,26.5
4/21/2009,25.86
4/20/2009,26.06
4/17/2009,27.14
4/16/2009,27.07
4/15/2009,27.23
4/14/2009,27.72
4/10/2009,26.89
4/9/2009,26.89
4/8/2009,25.24
4/7/2009,25.21
4/6/2009,25.69
4/3/2009,25.96
4/2/2009,24.83
4/1/2009,23.08
3/31/2009,22.79
3/30/2009,22.24
3/27/2009,23.79
3/26/2009,24.26
3/25/2009,24.33
3/24/2009,24.79
3/23/2009,24.56
3/20/2009,23.95
3/19/2009,23.65
3/18/2009,23.55
3/17/2009,23.96
3/16/2009,24.31
3/13/2009,24.26
3/12/2009,24.33
3/11/2009,23.74
3/10/2009,22.72
3/9/2009,20.77
3/6/2009,20.74
3/5/2009,20.8
3/4/2009,22.25
3/3/2009,20.71
3/2/2009,20.99
2/27/2009,21.96
2/26/2009,22.62
2/25/2009,21.07
2/24/2009,21.72
2/23/2009,21.45
2/20/2009,21.74
2/19/2009,22.93
2/18/2009,23.2
2/17/2009,23.23
2/16/2009,24.4
2/13/2009,24.58
2/12/2009,24.05
2/11/2009,24.96
2/10/2009,25.02
2/9/2009,26.29
2/6/2009,26.1
2/5/2009,24.09
2/4/2009,24.3
2/3/2009,22.57
2/2/2009,22.26
1/30/2009,22.72
1/29/2009,23.63
1/28/2009,22.86
1/27/2009,22.16
1/26/2009,22.41
1/23/2009,21.86
1/22/2009,22.78
1/21/2009,23.01
1/20/2009,22.85
1/19/2009,22.68
1/16/2009,23.76
1/15/2009,23.18
1/14/2009,24.06
1/13/2009,25.44
1/12/2009,25.57
1/9/2009,25.72
1/8/2009,26.65
1/7/2009,26.49
1/6/2009,27.49
1/5/2009,27.59
1/2/2009,27.9
1/1/2009,27.73
12/31/2008,27.73
12/30/2008,27.73
12/29/2008,26.85
12/26/2008,26.0
12/25/2008,26.0
12/24/2008,26.0
12/23/2008,26.0
12/22/2008,26.25
12/19/2008,26.43
12/18/2008,26.66
12/17/2008,26.42
12/16/2008,26.38
12/15/2008,25.3
12/12/2008,25.07
12/11/2008,25.66
12/10/2008,26.3
12/9/2008,25.44
12/8/2008,24.66
12/5/2008,22.61
12/4/2008,23.62
12/3/2008,23.14
12/2/2008,23.84
12/1/2008,23.28
11/28/2008,25.1
11/27/2008,25.15
11/26/2008,24.5
11/25/2008,25.19
11/24/2008,24.23
11/21/2008,21.68
11/20/2008,22.46
11/19/2008,21.96
11/18/2008,25.43
11/17/2008,25.55
11/14/2008,25.88
11/13/2008,25.72
11/12/2008,25.4
11/11/2008,26.18
11/10/2008,27.49
11/7/2008,26.08
11/6/2008,25.41
11/5/2008,27.95
11/4/2008,29.23
11/3/2008,27.54
10/31/2008,26.07
10/30/2008,24.06
10/29/2008,24.61
10/28/2008,20.63
10/27/2008,19.95
10/24/2008,22.38
10/23/2008,23.44
10/22/2008,23.8
10/21/2008,25.0
10/20/2008,24.79
10/17/2008,24.52
10/16/2008,23.96
10/15/2008,26.34
10/14/2008,29.1
10/13/2008,28.45
10/10/2008,25.55
10/9/2008,28.43
10/8/2008,28.3
10/7/2008,31.24
10/6/2008,31.7
10/3/2008,33.26
10/2/2008,32.5
10/1/2008,33.69
9/30/2008,33.75
9/29/2008,33.64
9/26/2008,34.97
9/25/2008,35.29
9/24/2008,34.57
9/23/2008,34.4
9/22/2008,34.2
9/19/2008,34.98
9/18/2008,32.81
9/17/2008,33.83
9/16/2008,35.16
9/15/2008,36.24
9/12/2008,37.81
9/11/2008,37.41
9/10/2008,37.44
9/9/2008,37.75
9/8/2008,38.5
9/5/2008,38.17
9/4/2008,39.03
9/3/2008,39.71
9/2/2008,39.9
9/1/2008,39.42
8/29/2008,39.38
8/28/2008,39.25
8/27/2008,39.35
8/26/2008,39.46
8/25/2008,39.26
8/22/2008,39.5
8/21/2008,39.28
8/20/2008,39.72
8/19/2008,39.85
8/18/2008,39.99
7/28/2008,41.26
7/25/2008,41.81
7/24/2008,41.35
7/23/2008,42.13
7/22/2008,42.1
7/21/2008,41.44
7/18/2008,41.25
7/17/2008,40.93
7/16/2008,40.5
7/15/2008,40.36
7/14/2008,40.69
7/11/2008,40.56
7/10/2008,41.23
7/9/2008,41.49
7/8/2008,41.86
7/7/2008,42.73
7/4/2008,42.2
7/3/2008,42.61
7/2/2008,42.77
7/1/2008,43.32
6/30/2008,43.82
6/27/2008,44.12
6/26/2008,88.58
6/25/2008,89.68
6/24/2008,90.07
6/23/2008,90.6
6/20/2008,89.81
6/19/2008,92.38
6/18/2008,92.65
6/17/2008,94.39
6/16/2008,93.47
6/13/2008,94.86
6/12/2008,94.21
6/11/2008,92.95
6/10/2008,93.99
6/9/2008,96.12
6/6/2008,94.42
6/5/2008,96.25
6/4/2008,96.69
6/3/2008,96.7
6/2/2008,95.21
5/30/2008,96.37
5/29/2008,95.37
5/28/2008,95.18
5/27/2008,93.8
5/26/2008,94.07
5/23/2008,93.35
5/22/2008,94.22
5/21/2008,94.16
5/20/2008,93.07
5/19/2008,93.36
5/16/2008,92.83
5/15/2008,91.64
5/14/2008,91.24
5/13/2008,91.29
5/12/2008,89.78
5/9/2008,89.09
5/8/2008,90.45
5/7/2008,90.78
5/6/2008,91.17
5/5/2008,91.6
5/2/2008,90.92
4/30/2008,91.65
4/29/2008,90.73
4/28/2008,90.41
4/25/2008,90.05
4/24/2008,93.83
4/23/2008,92.98
4/22/2008,91.87
4/21/2008,93.02
4/18/2008,93.45
4/17/2008,91.65
4/16/2008,91.5
4/15/2008,90.1
4/14/2008,88.56
4/11/2008,89.03
4/10/2008,89.99
4/9/2008,89.09
4/8/2008,89.35
4/7/2008,89.24
4/4/2008,88.86
4/3/2008,88.81
4/2/2008,88.58
4/1/2008,87.15
3/31/2008,85.31
3/28/2008,84.89
3/27/2008,85.93
3/26/2008,84.03
3/25/2008,85.57
3/24/2008,83.73
3/21/2008,83.73
3/20/2008,83.73
3/19/2008,85.16
3/18/2008,85.68
3/17/2008,83.14
3/14/2008,83.7
3/13/2008,84.01
3/12/2008,84.48
3/11/2008,84.38
3/10/2008,82.58
3/7/2008,83.28
3/6/2008,84.35
3/5/2008,84.85
3/4/2008,82.07
3/3/2008,83.63
2/29/2008,83.98
2/28/2008,85.2
2/27/2008,86.5
2/26/2008,86.55
2/25/2008,85.02
2/22/2008,84.53
2/21/2008,85.33
2/20/2008,86.87
2/19/2008,88.26
2/18/2008,87.0
2/15/2008,85.54
2/14/2008,87.23
2/13/2008,86.74
2/12/2008,86.47
2/11/2008,84.08
2/8/2008,83.95
2/7/2008,84.15
2/6/2008,85.83
2/5/2008,85.06
2/4/2008,87.55
2/1/2008,87.93
1/31/2008,87.21
1/30/2008,85.56
1/29/2008,85.99
1/28/2008,83.16
1/25/2008,84.26
1/24/2008,84.46
1/23/2008,80.51
1/22/2008,85.5
1/21/2008,85.0
1/18/2008,91.95
1/17/2008,94.87
1/16/2008,95.55
1/15/2008,98.84
1/14/2008,99.47
1/11/2008,99.84
1/10/2008,99.78
1/9/2008,104.82
1/8/2008,103.97
1/7/2008,104.2
1/4/2008,102.17
1/3/2008,101.6
1/2/2008,100.94
1/1/2008,101.41
12/31/2007,101.41
12/28/2007,101.41
12/27/2007,101.61
12/26/2007,101.08
12/25/2007,101.08
12/24/2007,101.08
12/21/2007,101.08
12/20/2007,98.68
12/19/2007,97.86
12/18/2007,97.38
12/17/2007,97.17
12/14/2007,98.23
12/13/2007,98.5
12/12/2007,98.12
12/11/2007,96.74
12/10/2007,96.49
12/7/2007,97.2
12/6/2007,96.75
12/5/2007,96.35
12/4/2007,94.45
12/3/2007,94.56
11/30/2007,94.76
11/29/2007,94.16
11/28/2007,93.41
11/27/2007,90.72
11/26/2007,91.85
11/23/2007,92.61
11/22/2007,92.62
11/21/2007,91.41
11/20/2007,90.71
11/19/2007,87.44
11/16/2007,90.16
11/15/2007,91.06
11/14/2007,92.9
11/13/2007,92.28
11/12/2007,91.47
11/9/2007,92.8
11/8/2007,93.37
11/7/2007,94.09
11/6/2007,93.7
11/5/2007,92.85
11/2/2007,92.89
11/1/2007,93.1
10/31/2007,95.5
10/30/2007,95.91
10/29/2007,98.34
10/26/2007,97.85
10/25/2007,97.55
10/24/2007,95.8
10/23/2007,96.64
10/22/2007,95.43
10/19/2007,96.57
10/18/2007,95.63
10/17/2007,95.98
10/16/2007,95.34
10/15/2007,95.01
10/12/2007,95.61
10/11/2007,95.16
10/10/2007,95.26
10/9/2007,96.08
10/8/2007,97.08
10/5/2007,95.97
10/4/2007,95.12
10/3/2007,95.5
10/2/2007,95.67
10/1/2007,97.15
9/28/2007,97.0
9/27/2007,97.12
9/26/2007,96.65
9/25/2007,97.68
9/24/2007,97.22
9/21/2007,96.04
9/20/2007,96.19
9/19/2007,96.39
9/18/2007,94.84
9/17/2007,93.49
9/14/2007,93.01
9/13/2007,93.34
9/12/2007,92.54
9/11/2007,92.75
9/10/2007,92.01
9/7/2007,93.5
9/6/2007,95.25
9/5/2007,95.27
9/4/2007,97.61
9/3/2007,96.59
8/31/2007,97.13
8/30/2007,95.51
8/29/2007,94.08
8/28/2007,92.85
8/27/2007,93.14
8/24/2007,92.7
8/23/2007,92.68
8/22/2007,92.34
8/21/2007,92.17
8/20/2007,90.63
8/17/2007,90.08
8/16/2007,90.08
8/15/2007,92.06
8/14/2007,91.87
8/13/2007,93.5
8/10/2007,91.5
8/9/2007,91.66
8/8/2007,94.43
8/7/2007,94.16
8/6/2007,93.67
8/3/2007,91.85
8/2/2007,93.9
8/1/2007,93.15
7/31/2007,95.3
7/30/2007,93.82
7/27/2007,91.73
7/26/2007,94.0
7/25/2007,94.84
7/24/2007,96.1
7/23/2007,97.88
7/20/2007,97.53
7/19/2007,98.6
7/18/2007,97.73
7/17/2007,99.45
7/16/2007,99.22
7/13/2007,98.93
7/12/2007,97.11
7/11/2007,95.84
7/10/2007,96.9
7/9/2007,99.16
7/6/2007,98.64
7/5/2007,96.6
7/4/2007,97.34
7/3/2007,97.52
7/2/2007,96.09
6/29/2007,97.24
6/28/2007,94.8
6/27/2007,92.67
6/26/2007,92.82
6/25/2007,93.73
6/22/2007,94.66
6/21/2007,94.61
6/20/2007,96.36
6/19/2007,94.66
6/18/2007,94.03
6/15/2007,92.04
6/14/2007,89.28
6/13/2007,87.72
6/12/2007,88.23
6/11/2007,88.12
6/8/2007,86.62
6/7/2007,86.85
6/6/2007,88.44
6/5/2007,92.26
6/4/2007,92.23
6/1/2007,92.45
5/31/2007,92.04
5/30/2007,89.99
5/29/2007,90.5
5/28/2007,90.89
5/25/2007,90.89
5/24/2007,90.57
5/23/2007,90.65
5/22/2007,91.36
5/21/2007,91.32
5/18/2007,90.08
5/17/2007,88.41
5/16/2007,88.44
5/15/2007,88.35
5/14/2007,87.77
5/11/2007,87.68
5/10/2007,87.46
5/9/2007,87.93
5/8/2007,87.72
5/7/2007,88.46
5/4/2007,88.22
5/3/2007,87.67
5/2/2007,87.15
5/1/2007,87.43
4/30/2007,87.43
4/27/2007,87.74
4/26/2007,88.47
4/25/2007,90.21
4/24/2007,88.77
4/23/2007,89.15
4/20/2007,89.61
4/19/2007,88.9
4/18/2007,89.32
4/17/2007,90.15
4/16/2007,90.9
4/13/2007,89.22
4/12/2007,86.44
4/11/2007,86.9
4/10/2007,87.77
4/9/2007,86.77
4/6/2007,86.77
4/5/2007,86.77
4/4/2007,85.84
4/3/2007,84.99
4/2/2007,84.17
3/30/2007,84.28
3/29/2007,83.75
3/28/2007,82.47
3/27/2007,81.47
3/26/2007,79.75
3/23/2007,79.0
3/22/2007,79.37
3/21/2007,78.03
3/20/2007,77.96
3/19/2007,77.36
3/16/2007,76.32
3/15/2007,77.04
3/14/2007,75.42
3/13/2007,77.54
3/12/2007,78.94
3/9/2007,78.71
3/8/2007,78.46
3/7/2007,78.0
3/6/2007,77.11
3/5/2007,76.07
3/2/2007,76.82
3/1/2007,76.66
2/28/2007,76.85
2/27/2007,77.87
2/26/2007,80.14
2/23/2007,79.17
2/22/2007,79.94
2/21/2007,75.85
2/20/2007,76.11
2/19/2007,75.99
2/16/2007,76.22
2/15/2007,76.71
2/14/2007,77.0
2/13/2007,76.81
2/12/2007,76.5
2/9/2007,77.0
2/8/2007,76.26
2/7/2007,76.74
2/6/2007,76.8
2/5/2007,75.5
2/2/2007,75.64
2/1/2007,75.68
1/31/2007,73.93
1/30/2007,73.04
1/29/2007,72.78
1/26/2007,71.95
1/25/2007,71.96
1/24/2007,72.82
1/23/2007,72.22
1/22/2007,72.65
1/19/2007,73.46
1/18/2007,73.18
1/17/2007,73.93
1/16/2007,73.9
1/15/2007,73.89
1/12/2007,73.56
1/11/2007,72.78
1/10/2007,72.01
1/9/2007,73.42
1/8/2007,72.95
1/5/2007,73.15
1/4/2007,73.66
1/3/2007,74.47
1/2/2007,74.82
1/1/2007,73.85
12/29/2006,73.85
12/28/2006,74.24
12/27/2006,74.18
12/26/2006,72.94
12/25/2006,72.94
12/22/2006,72.94
12/21/2006,73.53
12/20/2006,73.46
12/19/2006,72.06
12/18/2006,72.56
12/15/2006,72.57
12/14/2006,71.63
12/13/2006,71.63
12/12/2006,71.32
12/11/2006,71.01
12/8/2006,71.01
12/7/2006,70.74
12/6/2006,70.47
12/5/2006,70.35
12/4/2006,69.5
12/1/2006,69.0
11/30/2006,69.68
11/29/2006,70.25
11/28/2006,69.65
11/27/2006,69.35
11/24/2006,70.71
11/23/2006,71.6
11/22/2006,70.2
11/21/2006,70.31
11/20/2006,70.0
11/17/2006,70.48
11/16/2006,70.39
11/15/2006,70.68
11/14/2006,70.48
11/13/2006,69.85
11/10/2006,70.0
11/9/2006,68.72
11/8/2006,68.6
11/7/2006,68.26
11/6/2006,67.98
11/3/2006,67.3
11/2/2006,67.85
11/1/2006,68.57
10/31/2006,69.06
10/30/2006,68.95
10/27/2006,68.92
10/26/2006,68.51
10/25/2006,67.53
10/24/2006,67.42
10/23/2006,67.44
10/20/2006,66.85
10/19/2006,66.36
10/18/2006,66.21
10/17/2006,65.12
10/16/2006,65.82
10/13/2006,65.68
10/12/2006,65.77
10/11/2006,65.33
10/10/2006,65.13
10/9/2006,65.14
10/6/2006,64.68
10/5/2006,64.76
10/4/2006,64.41
10/3/2006,63.62
10/2/2006,63.74
9/29/2006,63.15
9/28/2006,62.91
9/27/2006,63.34
9/26/2006,63.09
9/25/2006,62.36
9/22/2006,62.34
9/21/2006,63.04
9/20/2006,62.22
9/19/2006,61.36
9/18/2006,62.1
9/15/2006,62.47
9/14/2006,62.43
9/13/2006,63.29
9/12/2006,63.3
9/11/2006,63.08
9/8/2006,63.34
9/7/2006,62.88
9/6/2006,63.41
9/5/2006,64.64
9/4/2006,64.93
9/1/2006,64.65
8/31/2006,64.33
8/30/2006,64.78
8/29/2006,63.94
8/28/2006,64.12
8/25/2006,63.67
8/24/2006,63.34
8/23/2006,62.69
8/22/2006,63.13
8/21/2006,63.1
8/18/2006,63.47
8/17/2006,63.39
8/16/2006,62.8
8/15/2006,62.65
8/14/2006,61.9
8/11/2006,61.59
8/10/2006,61.51
8/9/2006,62.39
8/8/2006,61.5
8/7/2006,61.49
8/4/2006,62.55
8/3/2006,62.11
8/2/2006,62.38
8/1/2006,62.4
7/31/2006,63.01
7/28/2006,62.66
7/27/2006,63.07
7/26/2006,62.89
7/25/2006,62.35
7/24/2006,62.37
7/21/2006,61.27
7/20/2006,61.87
7/19/2006,61.86
7/18/2006,60.75
7/17/2006,60.77
7/14/2006,60.69
7/13/2006,61.88
7/12/2006,62.79
7/11/2006,62.34
7/10/2006,62.98
7/7/2006,62.55
7/6/2006,62.57
7/5/2006,62.33
7/4/2006,63.72
7/3/2006,63.36
6/30/2006,62.78
6/29/2006,61.68
6/28/2006,59.89
6/27/2006,60.12
6/26/2006,60.76
6/23/2006,60.91
6/22/2006,60.72
6/21/2006,60.46
6/20/2006,60.1
6/19/2006,59.46
6/16/2006,59.16
6/15/2006,59.16
6/14/2006,59.16
6/13/2006,58.97
6/12/2006,59.92
6/9/2006,61.11
6/8/2006,60.86
6/7/2006,62.61
6/6/2006,62.16
6/5/2006,62.69
6/2/2006,63.15
6/1/2006,63.22
5/31/2006,63.5
5/30/2006,63.01
5/29/2006,64.55
5/26/2006,64.99
5/25/2006,64.5
5/24/2006,62.96
5/23/2006,63.68
5/22/2006,62.22
5/19/2006,63.79
5/18/2006,63.55
5/17/2006,63.37
5/16/2006,65.43
5/15/2006,65.61
5/12/2006,66.25
5/11/2006,67.95
5/10/2006,67.78
5/9/2006,68.84
5/8/2006,68.0
5/5/2006,68.74
5/4/2006,69.01
5/3/2006,67.41
5/2/2006,68.75
4/28/2006,67.96
4/27/2006,68.26
4/26/2006,69.05
4/25/2006,68.56
4/24/2006,69.47
4/21/2006,69.49
4/20/2006,67.55
4/19/2006,65.37
4/18/2006,64.29
4/17/2006,64.15
4/14/2006,64.15
4/13/2006,64.15
4/12/2006,63.44
4/11/2006,63.6
4/10/2006,64.09
4/7/2006,63.63
4/6/2006,64.48
4/5/2006,64.3
4/4/2006,64.75
4/3/2006,65.13
3/31/2006,64.7
3/30/2006,65.34
3/29/2006,64.4
3/28/2006,64.31
3/27/2006,64.72
3/24/2006,65.95
3/23/2006,64.3
3/22/2006,64.04
3/21/2006,63.32
3/20/2006,63.48
3/17/2006,62.78
3/16/2006,63.42
3/15/2006,62.8
3/14/2006,62.56
3/13/2006,62.4
3/10/2006,62.82
3/9/2006,62.52
3/8/2006,62.15
3/7/2006,62.31
3/6/2006,61.65
3/3/2006,62.3
3/2/2006,63.39
3/1/2006,63.87
2/28/2006,63.26
2/27/2006,64.18
2/24/2006,63.56
2/23/2006,62.99
2/22/2006,63.15
2/21/2006,63.0
2/20/2006,62.9
2/17/2006,62.9
2/16/2006,63.47
2/15/2006,63.44
2/14/2006,64.2
2/13/2006,63.81
2/10/2006,63.72
2/9/2006,64.51
2/8/2006,63.86
2/7/2006,64.48
2/6/2006,64.47
2/3/2006,64.55
2/2/2006,64.46
2/1/2006,65.55
1/31/2006,64.86
1/30/2006,63.58
1/27/2006,64.19
1/26/2006,62.74
1/25/2006,62.85
1/24/2006,61.95
1/23/2006,62.12
1/20/2006,61.93
1/19/2006,62.89
1/18/2006,63.39
1/17/2006,63.64
1/16/2006,63.49
1/13/2006,62.63
1/12/2006,63.32
1/11/2006,63.1
1/10/2006,62.33
1/9/2006,62.89
1/6/2006,63.29
1/5/2006,63.55
1/4/2006,63.05
1/3/2006,63.9
1/2/2006,64.83
12/30/2005,64.71
12/29/2005,65.33
12/28/2005,65.1
12/27/2005,65.12
12/26/2005,64.93
12/23/2005,64.93
12/22/2005,64.8
12/21/2005,64.92
12/20/2005,64.19
12/19/2005,63.92
12/16/2005,64.44
12/15/2005,63.26
12/14/2005,62.95
12/13/2005,62.73
12/12/2005,62.83
12/9/2005,63.1
12/8/2005,63.1
12/7/2005,62.86
12/6/2005,63.5
12/5/2005,63.29
12/2/2005,63.87
12/1/2005,63.77
11/30/2005,62.65
11/29/2005,62.7
11/28/2005,62.5
11/25/2005,62.8
11/24/2005,62.68
11/23/2005,62.46
11/22/2005,62.17
11/21/2005,62.08
11/18/2005,61.32
11/17/2005,61.13
11/16/2005,60.98
11/15/2005,61.65
11/14/2005,61.17
11/11/2005,60.93
11/10/2005,59.5
11/9/2005,60.0
11/8/2005,59.28
11/7/2005,59.73
11/4/2005,59.02
11/3/2005,59.5
11/2/2005,59.19
11/1/2005,60.0
10/31/2005,60.15
10/28/2005,58.79
10/27/2005,58.37
10/26/2005,59.88
10/25/2005,59.32
10/24/2005,60.25
10/21/2005,58.78
10/20/2005,59.55
10/19/2005,59.3
10/18/2005,60.38
10/17/2005,60.58
10/14/2005,61.44
10/13/2005,61.53
10/12/2005,61.83
10/11/2005,62.88
10/10/2005,63.4
10/7/2005,62.88
10/6/2005,62.7
10/5/2005,63.6
10/4/2005,64.6
10/3/2005,63.94
9/30/2005,62.5
9/29/2005,61.4
9/28/2005,61.71
9/27/2005,60.54
9/26/2005,61.18
9/23/2005,59.09
9/22/2005,58.39
9/21/2005,59.0
9/20/2005,60.37
9/19/2005,59.85
9/16/2005,60.4
9/15/2005,59.46
9/14/2005,59.65
9/13/2005,59.52
9/12/2005,60.75
9/9/2005,60.1
9/8/2005,59.99
9/7/2005,59.84
9/6/2005,59.45
9/5/2005,58.67
9/2/2005,57.99
9/1/2005,57.6
8/31/2005,56.79
8/30/2005,56.52
8/29/2005,56.67
8/26/2005,56.16
8/25/2005,57.15
8/24/2005,57.99
8/23/2005,58.04
8/22/2005,58.29
8/19/2005,57.87
8/18/2005,57.0
8/17/2005,57.6
8/16/2005,57.16
8/15/2005,58.2
8/12/2005,58.25
8/11/2005,59.01
8/10/2005,58.9
8/9/2005,58.75
8/8/2005,57.96
8/5/2005,57.67
8/4/2005,58.41
8/3/2005,59.45
8/2/2005,59.92
8/1/2005,58.84
7/29/2005,58.6
7/28/2005,58.73
7/27/2005,57.0
7/26/2005,57.4
7/25/2005,57.65
7/22/2005,57.65
7/21/2005,57.96
7/20/2005,57.54
7/19/2005,57.42
7/18/2005,56.11
7/15/2005,56.05
7/14/2005,56.26
7/13/2005,55.7
7/12/2005,55.11
7/11/2005,55.34
7/8/2005,54.5
7/7/2005,53.8
7/6/2005,54.76
7/5/2005,54.87
7/4/2005,55.58
7/1/2005,55.7
6/30/2005,55.0
6/29/2005,55.02
6/28/2005,55.6
6/27/2005,54.74
6/24/2005,54.89
6/23/2005,56.25
6/22/2005,56.08
6/21/2005,56.27
6/20/2005,56.22
6/17/2005,56.82
6/16/2005,56.39
6/15/2005,56.01
6/14/2005,56.39
6/13/2005,56.44
6/10/2005,56.22
6/9/2005,55.76
6/8/2005,55.85
6/7/2005,55.8
6/6/2005,55.17
6/3/2005,55.15
6/2/2005,55.46
6/1/2005,55.05
5/31/2005,53.91
5/30/2005,54.18
5/27/2005,53.68
5/26/2005,53.61
5/25/2005,53.61
5/24/2005,53.48
5/23/2005,52.91
5/20/2005,52.64
5/19/2005,52.67
5/18/2005,52.11
5/17/2005,50.74
5/16/2005,51.1
5/13/2005,51.33
5/12/2005,52.2
5/11/2005,51.79
5/10/2005,52.12
5/9/2005,52.29
5/6/2005,52.5
5/5/2005,51.91
5/4/2005,51.66
5/3/2005,51.47
5/2/2005,50.81
4/29/2005,50.11
4/28/2005,51.44
4/27/2005,51.5
4/26/2005,52.49
4/25/2005,52.56
4/22/2005,52.03
4/21/2005,51.52
4/20/2005,51.8
4/19/2005,52.09
4/18/2005,51.03
4/15/2005,52.18
4/14/2005,53.5
4/13/2005,54.52
4/12/2005,55.11
4/11/2005,55.72
4/8/2005,56.11
4/7/2005,56.22
4/6/2005,56.28
4/5/2005,55.53
4/4/2005,55.01
4/1/2005,55.34
3/31/2005,54.69
3/30/2005,54.22
3/29/2005,54.93
3/28/2005,54.74
3/25/2005,54.74
3/24/2005,54.74
3/23/2005,55.34
3/22/2005,55.0
3/21/2005,54.45
3/18/2005,54.7
3/17/2005,54.88
3/16/2005,55.3
3/15/2005,56.45
3/14/2005,56.0
3/11/2005,56.1
3/10/2005,56.13
3/9/2005,56.84
3/8/2005,57.25
3/7/2005,58.3
3/4/2005,57.5
3/3/2005,56.32
3/2/2005,56.49
3/1/2005,56.77
2/28/2005,56.54
2/25/2005,56.36
2/24/2005,56.0
2/23/2005,55.9
2/22/2005,56.13
2/21/2005,56.74
2/18/2005,56.77
2/17/2005,56.3
2/16/2005,56.04
2/15/2005,56.4
2/14/2005,55.83
2/11/2005,55.6
2/10/2005,54.83
2/9/2005,54.96
2/8/2005,54.5
2/7/2005,54.02
2/4/2005,53.7
2/3/2005,53.0
2/2/2005,53.13
2/1/2005,52.95
1/31/2005,52.39
1/28/2005,51.83
1/27/2005,52.15
1/26/2005,51.6
1/25/2005,51.72
1/24/2005,51.87
1/21/2005,52.03
1/20/2005,52.58
1/19/2005,52.95
1/18/2005,52.41
1/17/2005,52.25
1/14/2005,52.06
1/13/2005,51.73
1/12/2005,51.34
1/11/2005,51.83
1/10/2005,52.52
1/7/2005,52.89
1/6/2005,52.66
1/5/2005,52.68
1/4/2005,53.17
1/3/2005,53.36
12/31/2004,53.0
12/30/2004,53.0
12/29/2004,52.77
12/28/2004,52.78
12/27/2004,52.44
12/24/2004,52.3
12/23/2004,52.3
12/22/2004,51.65
12/21/2004,51.85
12/20/2004,51.78
12/17/2004,50.97
12/16/2004,51.79
12/15/2004,51.38
12/14/2004,51.65
12/13/2004,51.87
12/10/2004,51.48
12/9/2004,50.97
12/8/2004,51.17
12/7/2004,52.34
12/6/2004,52.3
12/3/2004,51.81
12/2/2004,51.93
12/1/2004,52.0
11/30/2004,50.64
11/29/2004,51.04
11/26/2004,51.15
11/25/2004,51.23
11/24/2004,50.49
11/23/2004,50.53
11/22/2004,50.71
11/19/2004,50.88
11/18/2004,51.05
11/17/2004,50.6
11/16/2004,49.58
11/15/2004,49.8
11/12/2004,50.01
11/11/2004,50.23
11/10/2004,51.16
11/9/2004,50.28
11/8/2004,49.94
11/5/2004,50.1
11/4/2004,49.7
11/3/2004,49.45
11/2/2004,49.8
11/1/2004,49.75
10/29/2004,48.9
10/28/2004,48.75
10/27/2004,48.85
10/26/2004,47.97
10/25/2004,47.77
10/22/2004,49.16
10/21/2004,48.48
10/20/2004,47.93
10/19/2004,48.6
10/18/2004,47.62
10/15/2004,47.28
10/14/2004,46.87
10/13/2004,47.17
10/12/2004,47.3
10/11/2004,48.05
10/8/2004,48.15
10/7/2004,48.9
10/6/2004,48.76
10/5/2004,48.63
10/4/2004,48.56
10/1/2004,48.76
9/30/2004,47.45
9/29/2004,47.65
9/28/2004,46.03
9/27/2004,45.68
9/24/2004,45.82
9/23/2004,45.73
9/22/2004,46.19
9/21/2004,46.66
9/20/2004,46.63
9/17/2004,46.72
9/16/2004,46.15
9/15/2004,46.12
9/14/2004,46.06
9/13/2004,46.0
9/10/2004,45.36
9/9/2004,45.23
9/8/2004,45.57
9/7/2004,45.65
9/6/2004,45.63
9/3/2004,45.55
9/2/2004,44.89
9/1/2004,44.74
8/31/2004,44.41
8/30/2004,44.88
8/27/2004,45.04
8/26/2004,44.67
8/25/2004,44.35
8/24/2004,43.8
8/23/2004,44.02
8/20/2004,43.55
8/19/2004,43.44
8/18/2004,43.47
8/17/2004,43.14
8/16/2004,43.0
8/13/2004,42.65
8/12/2004,43.31
8/11/2004,43.18
8/10/2004,43.65
8/9/2004,43.66
8/6/2004,43.98
8/5/2004,45.15
8/4/2004,44.5
8/3/2004,44.67
8/2/2004,44.02
7/30/2004,44.28
7/29/2004,44.03
7/28/2004,43.21
7/27/2004,43.17
7/26/2004,42.54
7/23/2004,43.12
7/22/2004,42.83
7/21/2004,43.9
7/20/2004,43.71
7/19/2004,43.6
7/16/2004,44.01
7/15/2004,43.98
7/14/2004,44.13
7/13/2004,44.0
7/12/2004,43.85
7/9/2004,44.02
7/8/2004,44.12
7/7/2004,43.74
7/6/2004,43.41
7/5/2004,43.92
7/2/2004,43.84
7/1/2004,43.98
6/30/2004,43.99
6/29/2004,44.45
6/28/2004,44.31
6/25/2004,43.56
6/24/2004,43.64
6/23/2004,42.8
6/22/2004,42.34
6/21/2004,42.86
6/18/2004,42.69
6/17/2004,42.63
6/16/2004,42.6
6/15/2004,42.11
6/14/2004,41.81
6/11/2004,42.49
6/10/2004,42.78
6/9/2004,42.57
6/8/2004,42.9
6/7/2004,43.13
6/4/2004,42.68
6/3/2004,42.37
6/2/2004,42.36
6/1/2004,41.89
5/31/2004,42.13
5/28/2004,41.86
5/27/2004,42.37
5/26/2004,41.65
5/25/2004,41.03
5/24/2004,41.74
5/21/2004,41.38
5/20/2004,41.63
5/19/2004,41.94
5/18/2004,41.41
5/17/2004,40.95
5/14/2004,41.39
5/13/2004,41.5
5/12/2004,40.74
5/11/2004,41.18
5/10/2004,40.6
5/7/2004,41.36
5/6/2004,41.43
5/5/2004,42.38
5/4/2004,42.12
5/3/2004,42.9
4/30/2004,43.04
4/29/2004,43.85
4/28/2004,44.0
4/27/2004,44.81
4/26/2004,44.89
4/23/2004,44.55
4/22/2004,44.25
4/21/2004,43.75
4/20/2004,44.58
4/19/2004,44.11
4/16/2004,44.01
4/15/2004,43.65
4/14/2004,43.52
4/13/2004,43.9
4/12/2004,43.22
4/9/2004,43.22
4/8/2004,43.22
4/7/2004,43.54
4/6/2004,43.2
4/5/2004,43.87
4/2/2004,43.32
4/1/2004,41.99
3/31/2004,41.33
3/30/2004,41.41
3/29/2004,41.67
3/26/2004,41.15
3/25/2004,41.42
3/24/2004,40.57
3/23/2004,40.67
3/22/2004,40.49
3/19/2004,41.01
3/18/2004,41.7
3/17/2004,42.5
3/16/2004,41.65
3/15/2004,40.8
3/12/2004,42.02
3/11/2004,41.65
3/10/2004,43.17
3/9/2004,43.16
3/8/2004,43.78
3/5/2004,43.4
3/4/2004,43.61
3/3/2004,43.37
3/2/2004,44.0
3/1/2004,43.86
2/27/2004,42.8
2/26/2004,42.35
2/25/2004,41.73
2/24/2004,41.61
2/23/2004,42.0
2/20/2004,41.92
2/19/2004,42.65
2/18/2004,42.14
2/17/2004,42.4
2/16/2004,42.72
2/13/2004,41.96
2/12/2004,43.12
2/11/2004,43.18
2/10/2004,43.73
2/9/2004,43.61
2/6/2004,43.0
2/5/2004,43.04
2/4/2004,43.48
2/3/2004,43.76
2/2/2004,44.48
1/30/2004,44.39
1/29/2004,44.85
1/28/2004,44.91
1/27/2004,44.94
1/26/2004,44.54
1/23/2004,44.82
1/22/2004,44.96
1/21/2004,45.25
1/20/2004,45.02
1/19/2004,45.5
1/16/2004,45.22
1/15/2004,45.2
1/14/2004,45.63
1/13/2004,44.97
1/12/2004,44.66
1/9/2004,44.7
1/8/2004,45.0
1/7/2004,45.0
1/6/2004,45.08
1/5/2004,44.82
1/2/2004,44.74
1/1/2004,44.58
12/31/2003,44.58
12/30/2003,44.58
12/29/2003,43.91
12/26/2003,43.29
12/25/2003,43.29
12/24/2003,43.29
12/23/2003,43.29
12/22/2003,42.9
12/19/2003,43.16
12/18/2003,42.54
12/17/2003,42.16
12/16/2003,42.26
12/15/2003,42.4
12/12/2003,42.0
12/11/2003,42.4
12/10/2003,42.5
12/9/2003,43.31
12/8/2003,42.41
12/5/2003,42.74
12/4/2003,43.0
12/3/2003,43.35
12/2/2003,42.28
12/1/2003,42.4
11/28/2003,41.26
11/27/2003,41.34
11/26/2003,40.96
11/25/2003,41.46
11/24/2003,41.74
11/21/2003,41.26
11/20/2003,41.32
11/19/2003,41.04
11/18/2003,41.23
11/17/2003,41.2
11/14/2003,42.3
11/13/2003,42.0
11/12/2003,41.51
11/11/2003,41.64
11/10/2003,41.77
11/7/2003,42.63
11/6/2003,41.55
11/5/2003,41.72
11/4/2003,41.27
11/3/2003,39.98
10/31/2003,38.6
10/30/2003,40.24
10/29/2003,40.04
10/28/2003,40.27
10/27/2003,39.73
10/24/2003,38.93
10/23/2003,38.92
10/22/2003,38.9
10/21/2003,40.26
10/20/2003,39.96
10/17/2003,39.51
10/16/2003,40.28
10/15/2003,39.88
10/14/2003,39.68
10/13/2003,39.4
10/10/2003,38.9
10/9/2003,40.05
10/8/2003,38.8
10/7/2003,38.33
10/6/2003,38.7
10/3/2003,41.5
10/2/2003,37.55
10/1/2003,38.7
9/30/2003,37.7
9/29/2003,38.2
9/26/2003,38.6
9/25/2003,38.12
9/24/2003,37.83
9/23/2003,39.55
9/22/2003,39.96
9/19/2003,41.5
9/18/2003,41.07
9/17/2003,41.2
9/16/2003,41.63
9/15/2003,41.32
9/12/2003,40.92
9/11/2003,41.83
9/10/2003,41.41
9/9/2003,41.75
9/8/2003,42.44
9/5/2003,42.17
9/4/2003,42.68
9/3/2003,43.1
9/2/2003,42.85
9/1/2003,43.05
8/29/2003,41.75
8/28/2003,42.42
8/27/2003,42.61
8/26/2003,42.36
8/25/2003,42.22
8/22/2003,42.8
8/21/2003,42.4
8/20/2003,42.22
8/19/2003,41.85
8/18/2003,42.36
8/15/2003,41.79
8/14/2003,41.19
8/13/2003,40.35
8/12/2003,40.13
8/11/2003,39.85
8/8/2003,39.93
8/7/2003,39.83
8/6/2003,41.65
8/5/2003,42.15
8/4/2003,41.79
8/1/2003,42.28
7/31/2003,42.45
7/30/2003,41.25
7/29/2003,41.2
7/28/2003,40.95
7/25/2003,40.39
7/24/2003,40.92
7/23/2003,40.3
7/22/2003,40.47
7/21/2003,40.59
7/18/2003,40.85
7/17/2003,40.34
7/16/2003,39.97
7/15/2003,39.9
7/14/2003,40.5
7/11/2003,39.71
7/10/2003,38.51
7/9/2003,38.9
7/8/2003,39.65
7/7/2003,39.31
7/4/2003,37.66
7/3/2003,36.3
7/2/2003,37.28
7/1/2003,36.52
6/30/2003,37.24
6/27/2003,41.5
6/26/2003,37.99
6/25/2003,37.77
6/24/2003,38.17
6/23/2003,39.15
6/20/2003,39.2
6/19/2003,39.3
6/18/2003,39.99
6/17/2003,39.45
6/16/2003,39.1
6/13/2003,38.15
6/12/2003,38.15
6/11/2003,37.41
6/10/2003,37.15
6/9/2003,36.8
6/6/2003,36.35
6/5/2003,36.14
6/4/2003,36.98
6/3/2003,36.34
6/2/2003,36.93
5/30/2003,36.85
5/29/2003,35.27
5/28/2003,35.72
5/27/2003,35.1
5/26/2003,33.92
5/23/2003,34.75
5/22/2003,34.55
5/21/2003,35.25
5/20/2003,35.44
5/19/2003,35.73
5/16/2003,37.93
5/15/2003,37.8
5/14/2003,37.3
5/13/2003,36.3
5/12/2003,37.25
5/9/2003,38.0
5/8/2003,36.5
5/7/2003,38.59
5/6/2003,40.5
5/5/2003,40.25
5/2/2003,40.45
5/1/2003,39.78
4/30/2003,39.97
4/29/2003,39.27
4/28/2003,39.15
4/25/2003,38.5
4/24/2003,39.57
4/23/2003,40.26
4/22/2003,40.52
4/21/2003,39.5
4/18/2003,39.5
4/17/2003,39.5
4/16/2003,37.9
4/15/2003,38.05
4/14/2003,38.8
4/11/2003,38.43
4/10/2003,38.15
4/9/2003,38.25
4/8/2003,38.72
4/7/2003,39.2
4/4/2003,38.32
4/3/2003,36.6
4/2/2003,36.14
4/1/2003,33.81
3/31/2003,34.11
3/28/2003,35.37
3/27/2003,36.3
3/26/2003,36.0
3/25/2003,36.09
3/24/2003,35.4
3/21/2003,37.99
3/20/2003,36.8
3/19/2003,36.65
3/18/2003,35.39
3/17/2003,31.19
3/14/2003,30.8
3/13/2003,31.06
3/12/2003,28.41
3/11/2003,30.73
3/10/2003,31.61
3/7/2003,32.53
3/6/2003,32.9
3/5/2003,33.22
3/4/2003,33.55
3/3/2003,34.0
2/28/2003,33.55
2/27/2003,33.79
2/26/2003,32.72
2/25/2003,33.21
2/24/2003,32.83
2/21/2003,34.06
2/20/2003,33.4
2/19/2003,33.88
2/18/2003,34.85
2/17/2003,34.78
2/14/2003,34.59
2/13/2003,32.78
2/12/2003,32.9
2/11/2003,33.98
2/10/2003,33.35
2/7/2003,33.0
2/6/2003,33.6
2/5/2003,34.8
2/4/2003,33.45
2/3/2003,34.68
1/31/2003,34.96
1/30/2003,33.2
1/29/2003,33.6
1/28/2003,32.5
1/27/2003,31.86
1/24/2003,33.54
1/23/2003,34.34
1/22/2003,34.28
1/21/2003,35.1
1/20/2003,35.77
1/17/2003,36.0
1/16/2003,37.9
1/15/2003,36.69
1/14/2003,37.33
1/13/2003,36.8
1/10/2003,36.2
1/9/2003,36.5
1/8/2003,37.38
1/7/2003,38.34
1/6/2003,39.2
1/3/2003,38.05
1/2/2003,43.99
1/1/2003,36.08
12/31/2002,36.08
12/30/2002,36.08
12/27/2002,35.7
12/26/2002,36.05
12/25/2002,36.05
12/24/2002,36.05
12/23/2002,37.41
12/20/2002,34.6
12/19/2002,35.8
12/18/2002,36.0
12/17/2002,38.0
12/16/2002,38.32
12/13/2002,37.95
12/12/2002,39.03
12/11/2002,39.7
12/10/2002,39.22
12/9/2002,38.67
12/6/2002,39.3
12/5/2002,39.7
12/4/2002,40.44
12/3/2002,40.43
12/2/2002,40.79
11/29/2002,39.0
11/28/2002,38.75
11/27/2002,38.44
11/26/2002,36.79
11/25/2002,37.65
11/22/2002,38.08
11/21/2002,37.8
11/20/2002,37.3
11/19/2002,37.0
11/18/2002,38.0
11/15/2002,38.06
11/14/2002,38.1
11/13/2002,37.61
11/12/2002,38.18
11/11/2002,37.14
11/8/2002,36.55
11/7/2002,36.64
11/6/2002,37.92
11/5/2002,38.6
11/4/2002,38.55
11/1/2002,37.0
10/31/2002,37.15
10/30/2002,34.0
10/29/2002,36.18
10/28/2002,37.77
10/25/2002,36.25
10/24/2002,36.75
10/23/2002,37.0
10/22/2002,37.5
10/21/2002,45.0
10/18/2002,38.4
10/17/2002,38.63
10/16/2002,38.95
10/15/2002,38.9
10/14/2002,35.79
10/11/2002,36.86
10/10/2002,34.75
10/9/2002,33.5
10/8/2002,32.9
10/7/2002,34.01
10/4/2002,35.25
10/3/2002,36.15
10/2/2002,36.0
10/1/2002,36.4
9/30/2002,35.68
9/27/2002,36.78
9/26/2002,36.89
9/25/2002,36.78
9/24/2002,36.15
9/23/2002,37.65
9/20/2002,39.0
9/19/2002,38.95
9/18/2002,39.01
9/17/2002,39.74
9/16/2002,40.87
9/13/2002,40.25
9/12/2002,40.58
9/11/2002,41.7
9/10/2002,40.72
9/9/2002,40.65
9/6/2002,41.58
9/5/2002,40.29
9/4/2002,39.99
9/3/2002,39.25
9/2/2002,41.5
8/30/2002,42.2
8/29/2002,40.53
8/28/2002,42.45
8/27/2002,42.45
8/26/2002,42.45
8/23/2002,42.45
8/22/2002,42.45
8/21/2002,41.35
8/20/2002,40.55
8/19/2002,41.55
8/16/2002,41.22
8/15/2002,41.4
8/14/2002,40.5
8/13/2002,42.5
8/12/2002,41.9
8/9/2002,42.95
8/8/2002,45.5
8/7/2002,39.52
8/6/2002,39.97
8/5/2002,37.1
8/2/2002,39.15
8/1/2002,38.6
7/31/2002,38.5
7/30/2002,40.9
7/29/2002,49.0
7/26/2002,38.8
7/25/2002,37.5
7/24/2002,37.9
7/23/2002,36.93
7/22/2002,38.49
7/19/2002,38.8
7/18/2002,42.6
7/17/2002,42.16
7/16/2002,41.8
7/15/2002,41.85
7/12/2002,43.35
7/11/2002,43.1
7/10/2002,44.13
7/9/2002,45.9
7/8/2002,47.75
7/5/2002,47.2
7/4/2002,46.45
7/3/2002,45.84
7/2/2002,45.65
7/1/2002,46.4
6/28/2002,46.8
6/27/2002,45.4
6/26/2002,44.72
6/25/2002,46.35
6/24/2002,45.38
6/21/2002,48.02
6/20/2002,45.0
6/19/2002,45.2
6/18/2002,45.75
6/17/2002,45.99
6/14/2002,43.94
6/13/2002,45.75
6/12/2002,45.45
6/11/2002,46.25
6/10/2002,46.95
6/7/2002,46.29
6/6/2002,47.19
6/5/2002,46.6
6/4/2002,46.77
6/3/2002,48.73
5/31/2002,49.8
5/30/2002,48.8
5/29/2002,48.9
5/28/2002,49.0
5/27/2002,49.0
5/24/2002,48.58
5/23/2002,48.25
5/22/2002,48.0
5/21/2002,48.8
5/20/2002,48.33
5/17/2002,48.75
5/16/2002,47.51
5/15/2002,48.2
5/14/2002,47.65
5/13/2002,47.49
5/10/2002,46.75
5/9/2002,46.17
5/8/2002,46.45
5/7/2002,45.05
5/6/2002,45.42
5/3/2002,46.15
5/2/2002,46.85
5/1/2002,47.6
4/30/2002,47.6
4/29/2002,44.9
4/26/2002,45.04
4/25/2002,44.6
4/24/2002,46.95
4/23/2002,46.94
4/22/2002,47.85
4/19/2002,47.77
4/18/2002,47.25
4/17/2002,47.48
4/16/2002,47.45
4/15/2002,47.4
4/12/2002,47.05
4/11/2002,46.48
4/10/2002,47.35
4/9/2002,46.6
4/8/2002,47.0
4/5/2002,47.04
4/4/2002,46.79
4/3/2002,48.0
4/2/2002,47.25
4/1/2002,46.5
3/29/2002,46.5
3/28/2002,46.5
3/27/2002,45.92
3/26/2002,46.8
3/25/2002,47.0
3/22/2002,47.35
3/21/2002,46.75
3/20/2002,46.95
3/19/2002,47.12
3/18/2002,47.03
3/15/2002,46.82
3/14/2002,46.1
3/13/2002,45.66
3/12/2002,46.49
3/11/2002,46.6
3/8/2002,47.05
3/7/2002,46.51
3/6/2002,46.3
3/5/2002,45.82
3/4/2002,45.85
3/1/2002,44.72
2/28/2002,44.36
2/27/2002,44.05
2/26/2002,43.35
2/25/2002,42.95
2/22/2002,42.48
2/21/2002,41.8
2/20/2002,40.95
2/19/2002,40.71
2/18/2002,41.45
2/15/2002,41.05
2/14/2002,41.68
2/13/2002,43.25
2/12/2002,43.91
2/11/2002,43.7
2/8/2002,42.85
2/7/2002,43.0
2/6/2002,43.5
2/5/2002,45.0
2/4/2002,44.9
2/1/2002,44.95
1/31/2002,44.99
1/30/2002,44.5
1/29/2002,44.08
1/28/2002,44.6
1/25/2002,45.3
1/24/2002,44.73
1/23/2002,44.42
1/22/2002,43.59
1/21/2002,43.35
1/18/2002,43.4
1/17/2002,43.05
1/16/2002,42.1
1/15/2002,41.85
1/14/2002,41.85
1/11/2002,43.0
1/10/2002,43.2
1/9/2002,43.0
1/8/2002,42.81
1/7/2002,43.41
1/4/2002,42.8
1/3/2002,43.07
1/2/2002,42.5
1/1/2002,41.75
12/31/2001,41.75
12/28/2001,41.75
12/27/2001,41.8
12/26/2001,40.6
12/25/2001,40.6
12/24/2001,40.6
12/21/2001,40.6
12/20/2001,39.56
12/19/2001,41.02
12/18/2001,41.74
12/17/2001,41.26
12/14/2001,40.84
12/13/2001,40.9
12/12/2001,42.1
12/11/2001,43.0
12/10/2001,42.95
12/7/2001,43.0
12/6/2001,43.85
12/5/2001,44.34
12/4/2001,42.95
12/3/2001,42.56
11/30/2001,42.56
11/29/2001,43.5
11/28/2001,42.31
11/27/2001,43.3
11/26/2001,43.33
11/23/2001,43.2
11/22/2001,42.95
11/21/2001,43.4
11/20/2001,43.3
11/19/2001,43.39
11/16/2001,41.86
11/15/2001,39.7
11/14/2001,40.85
11/13/2001,41.59
11/12/2001,40.09
11/9/2001,40.8
11/8/2001,41.7
11/7/2001,40.45
11/6/2001,39.15
11/5/2001,39.05
11/2/2001,37.71
11/1/2001,38.57
10/31/2001,37.7
10/30/2001,37.6
10/29/2001,38.6
10/26/2001,39.18
10/25/2001,38.5
10/24/2001,39.39
10/23/2001,39.5
10/22/2001,38.04
10/19/2001,38.5
10/18/2001,38.5
10/17/2001,39.37
10/16/2001,39.72
10/15/2001,39.72
10/12/2001,42.97
10/11/2001,40.1
10/10/2001,39.67
10/9/2001,38.51
10/8/2001,38.21
10/5/2001,39.17
10/4/2001,37.69
10/3/2001,37.21
10/2/2001,37.21
10/1/2001,38.28
9/28/2001,39.04
9/27/2001,37.2
9/26/2001,36.68
9/25/2001,34.95
9/24/2001,30.89
9/21/2001,30.89
9/20/2001,31.8
9/19/2001,34.31
9/18/2001,36.21
9/17/2001,38.2
9/14/2001,37.65
9/13/2001,40.4
9/12/2001,40.7
9/11/2001,41.4
9/10/2001,43.33
9/7/2001,44.92
9/6/2001,45.6
9/5/2001,46.15
9/4/2001,46.75
9/3/2001,45.4
8/31/2001,44.9
8/30/2001,45.43
8/29/2001,46.29
8/28/2001,46.74
8/27/2001,46.25
8/24/2001,46.05
8/23/2001,45.24
8/22/2001,45.7
8/21/2001,44.82
8/20/2001,44.45
8/17/2001,43.99
8/16/2001,44.49
8/15/2001,44.8
8/14/2001,45.0
8/13/2001,44.9
8/10/2001,44.88
8/9/2001,44.3
8/8/2001,44.39
8/7/2001,45.7
8/6/2001,46.1
8/3/2001,45.19
8/2/2001,45.95
8/1/2001,46.95
7/31/2001,46.35
7/30/2001,46.15
7/27/2001,45.34
7/26/2001,45.1
7/25/2001,45.08
7/24/2001,46.45
7/23/2001,47.03
7/20/2001,47.2
7/19/2001,47.46
7/18/2001,46.91
7/17/2001,47.27
7/16/2001,47.4
7/13/2001,47.3
7/12/2001,47.3
7/11/2001,46.6
7/10/2001,46.41
7/9/2001,47.83
7/6/2001,46.8
7/5/2001,47.28
7/4/2001,47.09
7/3/2001,46.65
7/2/2001,46.79
6/29/2001,46.7
6/28/2001,45.5
6/27/2001,43.78
6/26/2001,44.0
6/25/2001,43.74
6/22/2001,43.88
6/21/2001,44.0
6/20/2001,44.77
6/19/2001,44.01
6/18/2001,44.71
6/15/2001,45.65
6/14/2001,45.65
6/13/2001,46.14
6/12/2001,46.35
6/11/2001,46.2
6/8/2001,45.04
6/7/2001,46.71
6/6/2001,46.9
6/5/2001,44.5
6/4/2001,47.63
6/1/2001,47.25
5/31/2001,47.51
5/30/2001,46.9
5/29/2001,47.15
5/28/2001,48.3
5/25/2001,48.14
5/24/2001,48.8
5/23/2001,49.35
5/22/2001,49.95
5/21/2001,49.94
5/18/2001,49.82
5/17/2001,49.22
5/16/2001,48.66
5/15/2001,47.9
5/14/2001,47.9
5/11/2001,48.57
5/10/2001,48.21
5/9/2001,48.21
5/8/2001,47.2
5/7/2001,46.9
5/4/2001,46.9
5/3/2001,45.4
5/2/2001,47.25
5/1/2001,48.71
4/30/2001,48.71
4/27/2001,49.5
4/26/2001,49.3
4/25/2001,48.35
4/24/2001,49.3
4/23/2001,48.4
4/20/2001,49.1
4/19/2001,49.35
4/18/2001,48.07
4/17/2001,47.56
4/16/2001,47.4
4/13/2001,47.4
4/12/2001,47.4
4/11/2001,46.51
4/10/2001,45.77
4/9/2001,45.79
4/6/2001,44.58
4/5/2001,44.27
4/4/2001,44.0
4/3/2001,43.81
4/2/2001,45.03
3/30/2001,45.26
3/29/2001,46.05
3/28/2001,45.55
3/27/2001,46.07
3/26/2001,43.97
3/23/2001,42.95
3/22/2001,42.96
3/21/2001,45.04
3/20/2001,46.65
3/19/2001,46.35
3/16/2001,45.33
3/15/2001,47.4
3/13/2001,48.3
3/12/2001,49.38
3/9/2001,49.73
3/8/2001,50.18
3/7/2001,50.45
3/6/2001,49.47
3/5/2001,49.48
3/2/2001,48.54
3/1/2001,48.87
2/28/2001,48.96
2/27/2001,48.41
2/26/2001,47.96
2/23/2001,46.5
2/22/2001,47.15
2/21/2001,47.65
2/20/2001,47.94
2/19/2001,48.15
2/16/2001,46.95
2/15/2001,47.05
2/14/2001,47.05
2/13/2001,46.55
2/12/2001,46.7
2/9/2001,46.81
2/8/2001,47.5
2/7/2001,47.5
2/6/2001,47.79
2/5/2001,48.27
2/2/2001,48.0
2/1/2001,47.85
1/31/2001,47.05
1/30/2001,46.4
1/29/2001,46.0
1/26/2001,45.72
1/25/2001,45.08
1/24/2001,45.11
1/23/2001,46.0
1/22/2001,45.6
1/19/2001,44.2
1/18/2001,46.25
1/17/2001,46.83
1/16/2001,47.4
1/15/2001,46.66
1/12/2001,46.12
1/11/2001,46.35
1/10/2001,46.15
1/9/2001,48.1
1/8/2001,48.92
1/5/2001,49.15
1/4/2001,49.15
1/3/2001,48.0
1/2/2001,48.66
1/1/2001,48.17
12/29/2000,48.17
12/28/2000,47.84
12/27/2000,47.58
12/22/2000,46.6
12/21/2000,46.4
12/20/2000,47.2
12/19/2000,47.15
12/18/2000,47.45
12/15/2000,46.05
12/14/2000,46.12
12/13/2000,45.9
12/12/2000,45.8
12/11/2000,47.0
12/8/2000,47.95
12/7/2000,47.19
12/6/2000,46.67
12/5/2000,46.19
12/4/2000,43.9
12/1/2000,44.12
11/30/2000,43.5
11/29/2000,44.32
11/28/2000,44.25
11/27/2000,43.73
11/24/2000,43.67
11/23/2000,43.0
11/22/2000,42.89
11/21/2000,43.36
11/20/2000,42.55
11/17/2000,42.81
11/16/2000,43.5
11/15/2000,44.3
11/14/2000,42.97
11/13/2000,42.97
11/10/2000,44.1
11/9/2000,43.5
11/8/2000,44.2
11/7/2000,44.7
11/6/2000,45.51
11/3/2000,45.92
11/2/2000,45.85
11/1/2000,45.75
10/31/2000,45.08
10/30/2000,45.08
10/27/2000,43.5
10/26/2000,42.01
10/25/2000,42.4
10/24/2000,40.7
10/23/2000,40.7
10/20/2000,40.5
10/19/2000,40.5
10/18/2000,40.5
10/17/2000,40.5
10/16/2000,40.5
10/13/2000,40.5
10/12/2000,40.5
10/11/2000,41.69
10/10/2000,42.19
10/9/2000,41.67
10/6/2000,42.95
10/5/2000,42.7
10/4/2000,41.88
10/3/2000,40.55
10/2/2000,40.55
9/29/2000,40.1
9/28/2000,40.47
9/27/2000,40.1
9/26/2000,40.5
9/25/2000,40.5
9/22/2000,40.64
9/21/2000,39.58
9/20/2000,40.2
9/19/2000,41.25
9/18/2000,40.86
9/15/2000,41.69
9/14/2000,41.5
9/13/2000,41.49
9/12/2000,41.49
9/11/2000,42.03
9/8/2000,41.87
9/7/2000,42.6
9/6/2000,43.83
9/5/2000,43.77
9/4/2000,42.75
9/1/2000,42.11
8/31/2000,41.74
8/30/2000,42.25
8/29/2000,42.6
8/28/2000,42.83
8/25/2000,42.15
8/24/2000,41.98
8/23/2000,42.18
8/22/2000,42.49
8/21/2000,41.82
8/18/2000,41.6
8/17/2000,41.4
8/16/2000,41.88
8/15/2000,42.3
8/14/2000,42.24
8/11/2000,41.87
8/10/2000,42.05
8/9/2000,41.91
8/8/2000,42.3
8/7/2000,45.05
8/4/2000,44.85
8/3/2000,44.76
8/2/2000,44.25
8/1/2000,44.7
7/31/2000,44.25
7/28/2000,44.44
7/27/2000,44.35
7/26/2000,44.94
7/25/2000,44.7
7/24/2000,44.75
7/21/2000,43.9
7/20/2000,44.0
7/19/2000,43.5
7/18/2000,44.25
7/17/2000,43.89
7/14/2000,43.65
7/13/2000,43.55
7/12/2000,43.55
7/11/2000,41.99
7/10/2000,42.05
7/7/2000,42.21
7/6/2000,42.21
7/5/2000,42.9
7/4/2000,43.4
7/3/2000,42.9
6/30/2000,42.32
6/29/2000,41.56
6/28/2000,42.13
6/27/2000,41.0
6/26/2000,40.5
6/23/2000,39.3
6/22/2000,39.98
6/21/2000,40.0
6/20/2000,41.07
6/19/2000,42.0
6/16/2000,36.0
6/15/2000,41.78
6/14/2000,42.89
6/13/2000,44.24
6/12/2000,44.77
6/9/2000,45.0
6/8/2000,44.85
6/7/2000,45.7
6/6/2000,44.5
6/5/2000,46.67
6/2/2000,46.06
6/1/2000,44.2
5/31/2000,43.85
5/30/2000,45.26
5/29/2000,45.45
5/26/2000,45.0
5/25/2000,46.0
5/24/2000,47.12
5/23/2000,47.45
5/22/2000,47.18
5/19/2000,47.5
5/18/2000,48.45
5/17/2000,48.2
5/16/2000,49.03
5/15/2000,47.93
5/12/2000,49.03
5/11/2000,49.01
5/10/2000,48.9
5/9/2000,49.0
5/8/2000,49.0
5/5/2000,48.85
5/4/2000,48.5
5/3/2000,47.55
5/2/2000,47.65
5/1/2000,48.09
4/28/2000,48.09
4/27/2000,49.0
4/26/2000,48.8
4/25/2000,47.75
4/24/2000,46.01
4/21/2000,46.01
4/20/2000,46.01
4/19/2000,45.5
4/18/2000,47.31
4/17/2000,48.35
4/14/2000,48.64
4/13/2000,49.7
4/12/2000,49.29
4/11/2000,47.66
4/10/2000,47.15
4/7/2000,47.5
4/6/2000,48.0
4/5/2000,49.45
4/4/2000,50.68
4/3/2000,48.8
3/31/2000,49.55
3/30/2000,49.32
3/29/2000,49.7
3/28/2000,49.0
3/27/2000,49.25
3/24/2000,49.8
3/23/2000,49.1
3/22/2000,49.15
3/21/2000,48.7
3/20/2000,49.4
3/17/2000,50.0
3/16/2000,48.89
3/15/2000,47.4
3/14/2000,47.85
3/13/2000,46.65
3/10/2000,46.2
3/9/2000,45.79
3/8/2000,45.65
3/7/2000,44.8
3/6/2000,46.25
3/3/2000,45.41
3/2/2000,46.9
3/1/2000,46.2
2/29/2000,47.9
2/28/2000,46.9
2/25/2000,45.16
2/24/2000,45.9
2/23/2000,47.14
2/22/2000,46.5
2/21/2000,47.0
2/18/2000,47.4
2/17/2000,46.5
2/16/2000,43.99
2/15/2000,40.99
2/14/2000,43.2
2/11/2000,44.13
2/10/2000,44.0
2/9/2000,43.1
2/8/2000,43.05
2/7/2000,41.75
2/4/2000,43.07
2/3/2000,43.65
2/2/2000,45.0
2/1/2000,42.02
1/31/2000,44.05
1/28/2000,45.25
1/27/2000,44.55
1/26/2000,44.02
1/25/2000,45.25
1/24/2000,47.18
1/21/2000,48.05
1/20/2000,49.4
1/19/2000,49.84
1/18/2000,47.95
1/17/2000,47.87
1/14/2000,47.5
1/13/2000,47.5
1/12/2000,48.0
1/11/2000,47.99
1/10/2000,50.22
1/7/2000,50.0
1/6/2000,48.03
1/5/2000,46.75
1/4/2000,47.85
1/3/2000,49.75
